EQT,FDS,UAL,TRGP
MPWR,WY,KLAC,NCLH
UNH,DLTR,XYL,NCLH
PAYX,APA,BKR,UAL
CDNS,BLDR,DXCM,MKTX
UAL,PFG,AXON,PCG
DRI,MPC,APTV,HAL
BX,LUV,EG,EQT
ENPH,TDG,PCG,MPC
SMCI,AMP,KMX,EQT
GWW,ROK,MO,AMP
OKE,SMCI,MCHP,AVGO
CHTR,GWW,MHK,WY
MGM,ALGN,UAL,ALB
DFS,APA,COF,AAL
AMAT,MU,TER,EPAM
SWK,FICO,HAL,AMP
ON,DAL,AXP,KIM
MKTX,PARA,AAL,NCLH
FANG,NTAP,FITB,OXY
EQT,MKTX,VTRS,MRO
ON,CE,WBD,FCX
ON,DAL,RCL,AAL
LVS,NCLH,TRMB,CMG
MU,AAL,UAL,DAL
TPR,SMCI,IPG,RCL
NDSN,CTRA,AXON,PCG
GD,APA,DHR,VLO
TDG,NXPI,WMB,TRGP
CMG,INTC,APTV,APA
YUM,REGN,HOLX,MCHP
OMC,NVDA,KLAC,META
PAYX,AKAM,EA,MSFT
ALGN,BBWI,ENPH,DHI
CF,BBWI,VTR,TRGP
MOH,PRU,IVZ,APA
WMB,FTNT,KMB,NVDA
BIIB,AXON,TDG,CRL
COF,CCL,TDG,VTR
ENPH,DECK,DGX,NWS
ENPH,ON,DHR,DECK
DFS,IPG,HES,GILD
BBWI,ENPH,DFS,BA
DD,CF,HAL,AAL
DE,FTNT,MHK,FCX
RCL,UAL,TRGP,DAL
KLAC,MPWR,AXON,APA
GNRC,EQT,URI,PARA
LEN,LYB,NVDA,OXY
PARA,AMT,BX,DRI
SMCI,BX,BA,CCL
KIM,REG,O,FRT
AMP,CPAY,ENPH,MKTX
EPAM,LYV,DXCM,GOOGL
ADBE,NVDA,BIIB,CCL
AMD,NCLH,RCL,ON
GM,FANG,ENPH,PARA
PHM,APA,CCL,SLB
MGM,KMI,KMX,CRL
VLO,KIM,REG,CCL
OKE,NCLH,TRGP,F
NEM,MOS,ETR,EQT
EXC,D,DOC,VTR
CVX,DOV,MS,EPAM
MPWR,AMP,APA,PCG
CVX,BA,EPAM,CCL
MOH,MKTX,AKAM,MGM
DLTR,CVX,ULTA,UAL
AAL,NEM,NCLH,AVY
COP,MTCH,WY,MOH
C,MTCH,FITB,BX
LVS,ENPH,WYNN,NFLX
MU,MAR,WYNN,BKNG
ALGN,DRI,MKTX,SPG
MSFT,NFLX,TRGP,EXPE
DXCM,ENPH,BBWI,KIM
OKE,DAL,SYY,TRGP
PPL,CNP,NXPI,MHK
ETN,APTV,AMZN,INTC
EPAM,RCL,BBWI,NCLH
GEN,OXY,AMZN,MRO
BIIB,DXCM,ITW,DOC
FANG,CPT,EQT,APA
NVDA,WMB,APA,TRGP
CCL,FCX,SMCI,ENPH
CPAY,EQT,DD,FCX
SRE,ENPH,TSLA,HES
FFIV,AMAT,LRCX,BEN
VTR,BBWI,BA,NCLH
OKE,TRGP,ROST,WDC
AMP,OXY,WRB,UDR
HPQ,SPG,CRL,PARA
MPWR,CCL,UAL,BA
WRB,CMG,DLTR,DRI
AKAM,VMC,FCX,LYV
PANW,CLX,AMD,AMCR
OKE,DFS,UHS,WBD
ACGL,ENPH,TRGP,MGM
COF,OXY,NXPI,MGM
O,EOG,FITB,ROST
BLDR,WBD,LEN,HES
TPR,PHM,NCLH,TRGP
APTV,MOS,WYNN,EXPE
TSLA,OKE,ENPH,FANG
KEY,OXY,BA,CVX
URI,APA,OXY,ALGN
NXPI,SPGI,BKNG,ISRG
ORCL,KMX,COF,SMCI
PARA,MTB,HAL,ENPH
DAL,LKQ,AAL,NCLH
CTRA,WYNN,VTR,ALGN
AMGN,NVDA,HOLX,BLDR
NVDA,SPG,CCL,MCHP
SWKS,ENPH,WBD,LKQ
MCHP,DRI,MSFT,TAP
BX,F,BBWI,ENPH
LDOS,TRGP,TPR,HII
RMD,DRI,FITB,AXON
UHS,SPG,TRGP,NCLH
SPG,MTCH,TPR,NCLH
ON,PHM,IDXX,MPC
URI,PARA,NCLH,RCL
TFC,DVN,TRGP,HAL
TSLA,MRO,RCL,FANG
OXY,WDC,SWK,NCLH
PCG,MRO,TRGP,FANG
PARA,AVB,BLDR,AAL
KKR,NCLH,SPG,AAL
VTR,LUV,NVR,DHR
UHS,TFC,PRU,RF
ACGL,IPG,WYNN,DVN
DAL,TPR,WMB,UAL
APA,ON,KKR,MPC
ODFL,TXN,TRGP,WYNN
MET,VTR,CCL,SPG
GNRC,DAL,BX,CCL
TDG,MRO,EXPE,CCL
APTV,KIM,UAL,EXPE
ED,CNC,TSLA,QCOM
DHR,AXON,UAL,LH
TRGP,AMAT,NCLH,PCG
NCLH,DAL,UAL,IP
BBWI,SMCI,AAL,NCLH
DFS,LYB,COP,CVX
EW,PHM,DVA,BLDR
GIS,AIZ,DFS,DHR
EL,MPWR,QCOM,INTC
APTV,VTR,RCL,TRGP
KEY,MHK,ULTA,FSLR
ADI,NCLH,LRCX,AAL
AMZN,NVR,AAL,APA
MHK,PODD,ALGN,BBWI
LVS,TER,MPC,APTV
AAL,BA,UAL,RCL
AIG,MRO,TRGP,CCL
UNH,GLW,REG,MPWR
NVDA,ENPH,PANW,META
PTC,AKAM,ENPH,PWR
MGM,VTR,ULTA,NCLH
AMGN,TGT,GE,GM
LDOS,GEN,D,HST
MGM,ON,EQT,PHM
SPG,KIM,ENPH,TPR
APA,WYNN,RCL,BA
DECK,UHS,BBWI,TFC
DOC,WFC,PFG,MPC
LVS,NVDA,WYNN,ALGN
MHK,BBWI,NCLH,ENPH
WELL,MTCH,O,REG
MTCH,ULTA,O,TYL
LKQ,KEY,ENPH,PODD
WYNN,FIS,AAL,AXON
MPWR,MPC,DXCM,ENPH
CNP,PARA,OKE,MTCH
DFS,USB,ENPH,FITB
REG,EOG,CAG,K
PHM,HAL,OKE,TRGP
PAYX,MTB,APA,GPN
MGM,PARA,EQT,APA
MGM,LEN,RCL,TPR
LKQ,OKE,DVN,HPQ
ON,MPC,NVDA,MGM
MKTX,DD,LUV,GM
MOS,WYNN,MGM,FCX
CBRE,MET,DFS,ALGN
OKE,NVDA,TRGP,WMB
MPWR,MKC,AKAM,AMD
LKQ,TPR,CCL,VTR
TSLA,VTR,GNRC,EQT
PAYX,DRI,MPC,WYNN
MAS,HPQ,BX,SWK
ESS,MPWR,ALGN,META
TPR,BBWI,ALGN,DHI
MSFT,ENPH,APA,HAL
OXY,EQT,NVDA,PCG
CE,PH,APTV,HAL
PSX,SYK,LEN,TXT
KKR,CNC,ON,SPG
MPC,PNR,IQV,EFX
AVGO,IDXX,MGM,ON
LEN,SMCI,MSFT,IT
RCL,META,ROL,AVGO
DRI,IPG,EQT,BBWI
OKE,MOH,TRGP,DHR
PCG,MU,TER,FSLR
BLDR,IDXX,LOW,MGM
VRSK,GNRC,EL,PWR
TDG,USB,DFS,WBD
SYY,NVR,VTR,ACGL
MPWR,EPAM,BR,REGN
REGN,D,LHX,IP
PKG,MHK,SMCI,BLDR
NXPI,APA,NVR,YUM
NCLH,PSX,TDG,VLO
IDXX,EQT,NCLH,FCX
INTU,FCX,FSLR,MPWR
AMP,COP,ODFL,KKR
FANG,CINF,VLO,WBD
NFLX,WMB,BBY,BLDR
TRGP,NFLX,VTR,AXON
HBAN,BAC,TRGP,HES
BBWI,MPWR,MCO,FICO
CPAY,NVDA,AKAM,URI
F,TRGP,RCL,NFLX
NUE,NFLX,FANG,PCG
VTR,ADBE,PCG,META
KMX,EQT,TPR,HAS
PCG,NCLH,AAL,AXP
PNW,DTE,ENPH,CVX
URI,HPQ,BX,BBWI
HBAN,MHK,PCG,NCLH
MET,LOW,BLDR,MGM
CMG,QCOM,CTRA,J
CPAY,AVY,CDNS,TRGP
HAL,APA,DOC,HES
MET,SCHW,WDC,DFS
WMB,TSLA,NVDA,TRGP
WDC,FDX,MAR,DPZ
ALLE,DXCM,MPWR,NVDA
ON,KLAC,LRCX,ALGN
SCHW,MU,MPWR,TSLA
PHM,DHI,MHK,GNRC
PNC,COF,TPR,NCLH
CDNS,CCI,TMO,EQT
V,LRCX,F,BLDR
ARE,MKC,AAL,ALGN
MTCH,EQR,CE,LDOS
PCG,PAYX,MPC,OKE
O,NXPI,AMAT,SPG
AMCR,RTX,MPWR,DAL
GLW,BWA,IPG,WDC
CCL,STX,ALB,TPR
PCG,APA,TRGP,CBRE
CNC,MGM,ENPH,PODD
CI,KDP,IDXX,BLDR
KDP,HPQ,MGM,ENPH
HAS,ENPH,MGM,SMCI
KKR,VZ,EQT,STT
PNC,FE,CSGP,ODFL
CBOE,CPT,MPC,SNA
ALGN,WDC,WYNN,TPR
HST,ON,AMD,MGM
HUBB,ON,ALGN,FSLR
MLM,EQT,COF,VTR
TRGP,CNP,MGM,AAL
WBA,KKR,CBRE,PARA
CAT,JNPR,URI,RCL
MOH,LUV,WYNN,NCLH
ORLY,QCOM,NXPI,REGN
ON,MKTX,MGM,OKE
RCL,UAL,TPR,PCG
UAL,AMD,CCL,VTRS
TPR,AMD,TRGP,CTRA
DFS,FFIV,AKAM,ENPH
AMGN,AXP,MU,MGM
DPZ,APA,NVDA,TSLA
TDG,KEY,LKQ,DRI
BA,TER,LRCX,MOS
FANG,PCG,MHK,AAL
STT,SPG,CINF,NCLH
UAL,TPR,AVY,DFS
MCHP,NVDA,PANW,AMD
IPG,BBWI,ENPH,ULTA
F,GM,FANG,BLDR
TER,ROL,NVDA,ENPH
ZTS,NCLH,NFLX,SMCI
BLDR,AMD,BBWI,TSLA
RCL,CCL,WYNN,TRGP
EQT,WYNN,HPQ,ENPH
SLB,ORCL,TRGP,AAL
MOS,FCX,NCLH,UAL
NCLH,FCX,PANW,OKE
ULTA,MTCH,UAL,ENPH
REGN,APA,AAL,CCL
VMC,CBRE,COF,HAL
PODD,CMG,EQT,ENPH
UAL,ALGN,VTR,EQT
TPR,GPN,ENPH,MTCH
LKQ,GNRC,TSLA,NCLH
BA,MGM,AMAT,WBD
KMX,KIM,TPR,BBWI
MPWR,NVDA,PCG,BBY
BBWI,TPR,TSLA,COF
MU,MA,SWKS,RCL
MAR,CCL,WYNN,SCHW
KMX,LKQ,MHK,NCLH
MHK,MOS,PH,COP
MCO,BLDR,ON,KKR
FCX,EOG,HAL,CCL
IRM,PCG,FANG,MGM
APTV,CNP,MOS,F
WYNN,MKTX,ALGN,AAL
COF,C,CCL,EQT
CSX,POOL,FCX,AXON
ED,BIO,EQT,ENPH
GIS,AEP,MNST,EQT
NVDA,ENPH,EPAM,MSCI
KIM,AAL,APA,ALB
AXON,DECK,EQT,LEN
AFL,NCLH,ENPH,MTCH
NOW,CCL,CTRA,NCLH
COF,MOS,RCL,KIM
SPG,APTV,ENPH,MGM
WDC,STLD,MKTX,FTNT
NCLH,RCL,WYNN,MGM
ALB,LYB,RCL,MGM
PAYX,GNRC,CVX,ALGN
FICO,TRGP,MPWR,HAL
AAL,EPAM,SPG,ALGN
MAR,DFS,ALGN,PCG
MPWR,BIIB,BBWI,AKAM
IQV,MHK,SPG,TFC
EL,SMCI,PWR,BA
SCHW,BK,WBD,STT
KIM,AXP,VTR,CMG
UAL,FANG,ENPH,VTRS
RMD,CVX,PH,COP
DAL,EQT,LRCX,LKQ
AIZ,CCL,PH,APTV
TDG,O,URI,FCX
OKE,APA,UAL,NCLH
TFC,SYK,NCLH,BX
MRO,FANG,WYNN,VLO
META,MGM,ENPH,INTU
WBD,CTSH,META,BLDR
O,HIG,TDG,ENPH
CVX,GPN,HAL,BA
IQV,STT,MLM,NCLH
OKE,LKQ,TRGP,GEN
LVS,UAL,WYNN,ALGN
ENPH,MGM,NCLH,PAYX
COR,EQT,VTR,SMCI
TXT,MGM,BLDR,PCG
LYV,FANG,TSLA,BX
SO,OXY,PCG,WELL
LYV,EMN,TDG,TSLA
KLAC,AVY,LRCX,AXP
DRI,EOG,BALL,AAL
O,PCG,BLDR,TDG
WYNN,ALGN,DFS,MGM
MOH,MRO,NCLH,OXY
SWK,BX,NCLH,TPR
CVX,FTNT,ODFL,AMP
WYNN,MPC,UAL,EG
AMD,INTC,QCOM,MTCH
ENPH,APA,TRGP,FCX
AMP,ALGN,BX,SPG
HES,EOG,MKC,BLDR
ADBE,OXY,LRCX,KLAC
FTNT,AMCR,SMCI,HES
AMD,EFX,SBUX,ALGN
LRCX,KIM,VTR,RCL
TSLA,MTCH,UAL,RCL
AZO,CAG,NXPI,APA
O,DPZ,LKQ,COR
GEN,SMCI,BBWI,MKTX
FANG,AXON,NCLH,OKE
MGM,ODFL,CPAY,PARA
APTV,BLDR,DD,CNP
MTB,TRGP,OKE,DD
AVGO,EPAM,INTC,SBAC
NUE,DAL,NCLH,UAL
COF,LKQ,FCX,NCLH
HAL,UAL,RCL,NCLH
MHK,CCL,NCLH,KEY
HST,MHK,NCLH,FANG
DRI,SPG,NCLH,NRG
TRV,ED,EVRG,VLO
MRO,KIM,DD,MMM
TPR,KLAC,IVZ,BLDR
QCOM,AMAT,EVRG,CRL
STLD,PHM,TRMB,TRGP
LYB,SPG,DFS,ALGN
VRSN,AAPL,DHR,BR
GPC,WYNN,NCLH,ISRG
ENPH,TDG,DVA,SMCI
FCX,NTAP,PNR,SPG
KMI,ALB,TRGP,NCLH
DFS,RCL,CCL,DXCM
FITB,FANG,RF,DVN
FSLR,WMB,ENPH,DHR
AMP,MRO,HPQ,PCG
GD,CTAS,TDG,AZO
META,MHK,CAH,SMCI
UHS,NCLH,DLTR,TPR
CE,MPC,WBD,KDP
MGM,MPWR,SMCI,NXPI
ADM,PWR,MGM,NCLH
MPWR,NVDA,KLAC,TRGP
PAYX,BSX,ALGN,EPAM
RTX,AMP,AVB,APA
MHK,USB,TSLA,NTAP
COF,UAL,KIM,RCL
JPM,MET,COST,DG
HES,FCX,APD,CNP
ENPH,MCHP,KLAC,EXPE
BKR,DG,COST,SPG
DIS,PAYX,BR,PWR
TPR,EXPE,DHR,ALGN
WELL,ORCL,HST,DFS
OKE,CCL,BLDR,LOW
PHM,SMCI,MGM,PARA
EXPE,AMD,WELL,AAL
BA,TFC,WRB,SMCI
WMT,KMB,BBY,EPAM
AAL,OMC,UAL,DFS
STX,ALB,BLDR,BBWI
CBRE,BAX,AAL,TSLA
RL,ODFL,OXY,SMCI
GRMN,ZBRA,ACN,MU
COR,SCHW,NCLH,INTC
WDC,HES,BLDR,FCX
MRO,GM,AAL,TPR
ELV,COR,NVDA,ENPH
SBUX,PCG,ALGN,AMD
DHR,PARA,WDC,BBWI
NVDA,AMAT,QCOM,NFLX
WMT,AMD,MU,PCG
SMCI,KMX,BBWI,ENPH
BBWI,DRI,FANG,ENPH
MPC,VLO,AMP,BA
NVDA,WMT,ENPH,EVRG
GL,CRM,SMCI,ODFL
KLAC,FCX,LRCX,ODFL
TXN,SPGI,CRM,SMCI
CINF,PHM,OKE,EQT
DFS,TPR,CNC,AAL
USB,EW,OKE,TPR
DPZ,ADM,NXPI,AMD
IDXX,EXR,SMCI,MPC
IT,NVDA,FCX,CBRE
UHS,RF,RCL,DFS
ALGN,TPR,SYY,AMZN
MGM,NVDA,EW,AMAT
MHK,TRMB,SYK,PCG
VLO,MHK,EQT,MPWR
EL,ALGN,TRGP,PWR
BLDR,MGM,USB,WBD
WYNN,RCL,UAL,DAL
OXY,DECK,VTRS,WST
EQT,MTCH,FSLR,D
WBD,LEN,MGM,MLM
TPR,GEN,EPAM,CVX
META,KEY,NXPI,RF
A,DLTR,MHK,TGT
DHR,ALGN,BX,MHK
BEN,EFX,TSLA,CCL
ENPH,ORCL,MGM,HAS
VLO,PARA,NCLH,MGM
AMD,SMCI,TFC,NCLH
UAL,EMN,LRCX,ALGN
TSN,MTCH,AVB,MGM
NCLH,HAL,FANG,BBWI
RCL,ENPH,NCLH,APA
UAL,NCLH,SPG,PCG
RMD,LKQ,WDC,MLM
MOS,DGX,NCLH,DECK
NOW,ALB,META,BXP
CVX,EMN,IRM,NOW
APTV,AAL,DAL,ALGN
ENPH,META,IPG,AMT
HES,EXPE,PANW,HAL
OKE,NWS,WBD,FCX
EXPE,KKR,APA,ENPH
CNC,BBY,ULTA,NCLH
MHK,ENPH,EQT,VTR
CCL,RL,APTV,SMCI
MHK,CBRE,PARA,SMCI
MGM,FCX,RCL,NCLH
AMD,AAL,BAX,EXPE
MHK,ON,HAL,PHM
BBWI,MPWR,JBL,FTNT
FTNT,UAL,PCG,TRGP
HAL,EQT,RMD,NVDA
AMD,BBWI,ODFL,AVY
DRI,FANG,AXON,CCI
NCLH,BLDR,AVB,APA
NUE,COR,MKC,ACGL
BX,CCL,NVDA,NCLH
MU,CCL,ALGN,NCLH
MGM,EXPE,TPR,CCL
UHS,LEN,NVR,GPC
SYY,EQT,LRCX,PPG
SRE,ENPH,ALB,BLDR
ENPH,NCLH,FANG,APA
HAL,WMB,MPWR,DFS
EQR,ENPH,MGM,VTR
FITB,MTCH,RL,WY
NXPI,ROST,NEM,VLO
FICO,MGM,ELV,BIIB
AMD,KLAC,NVDA,META
DD,HUBB,SNA,ENPH
MRO,EQT,ODFL,HLT
AZO,NCLH,MAS,PWR
COF,AXP,IPG,LKQ
SMCI,RCL,PTC,CRL
CCL,DXCM,BIIB,MRO
QCOM,ENPH,WAT,TPR
TXT,IFF,APA,DHR
AMD,VRSN,NVDA,LVS
KMX,CPT,AMAT,TER
KLAC,BEN,CDNS,AZO
HAL,TRGP,EXPE,EQT
SYK,CCL,RCL,ENPH
BXP,URI,NCLH,ALGN
NVDA,TSLA,EXPE,PARA
EMN,LRCX,FCX,ENPH
IRM,BLDR,CMG,AAL
RL,TMUS,ENPH,BBWI
ALGN,BXP,VLO,SMCI
DRI,AIG,WELL,NVR
MPC,ELV,PANW,CCL
OXY,AAL,TDY,MGM
WBD,SMCI,TGT,TRGP
PNR,NVDA,EQT,GM
